{
  "project_info": {
    "project_number": "623113743812",
    "firebase_url": "https://hellfire-health-default-rtdb.firebaseio.com",
    "project_id": "hellfire-health",
    "storage_bucket": "hellfire-health.appspot.com"
  },
  "client": [
    {
      "client_info": {
        "mobilesdk_app_id": "1:623113743812:android:70d771577dc1592eb60891",
        "android_client_info": {
          "package_name": "com.geekymusketeers.medify"
        }
      },
      "oauth_client": [
        {
          "client_id": "623113743812-35a91rv8r8gq3ctdacl31agnd7frhchi.apps.googleusercontent.com",
          "client_type": 3
        }
      ],
      "api_key": [
        {
          "current_key": "AIzaSyCcM1yRb-oI02TjSBWmvqgYutVhQbuAVV4"
        }
      ],
      "services": {
        "appinvite_service": {
          "other_platform_oauth_client": [
            {
              "client_id": "623113743812-35a91rv8r8gq3ctdacl31agnd7frhchi.apps.googleusercontent.com",
              "client_type": 3
            }
          ]
        }
      }
    },
    {
      "client_info": {
        "mobilesdk_app_id": "1:623113743812:android:3fb7c0b3ba0af852b60891",
        "android_client_info": {
          "package_name": "com.s7k.doctroid"
        }
      },
      "oauth_client": [
        {
          "client_id": "623113743812-35a91rv8r8gq3ctdacl31agnd7frhchi.apps.googleusercontent.com",
          "client_type": 3
        }
      ],
      "api_key": [
        {
          "current_key": "AIzaSyCcM1yRb-oI02TjSBWmvqgYutVhQbuAVV4"
        }
      ],
      "services": {
        "appinvite_service": {
          "other_platform_oauth_client": [
            {
              "client_id": "623113743812-35a91rv8r8gq3ctdacl31agnd7frhchi.apps.googleusercontent.com",
              "client_type": 3
            }
          ]
        }
      }
    }
  ],
  "configuration_version": "1"
}